DateTime,TimeCategory,Count
2022-12-19,Regular arrivals,1
2022-12-21,Regular arrivals,1
2022-12-23,Regular arrivals,2
2022-12-26,Regular arrivals,2
2022-12-27,Regular arrivals,1
2022-12-28,Regular arrivals,1
2022-12-30,Regular arrivals,2
2022-12-31,Night hour arrivals,1
2023-01-01,Regular arrivals,48
2023-01-01,Shoulder hour flights,2
2023-01-02,Regular arrivals,63
2023-01-02,Shoulder hour flights,3
2023-01-03,Regular arrivals,64
2023-01-03,Shoulder hour flights,3
2023-01-04,Regular arrivals,50
2023-01-04,Shoulder hour flights,3
2023-01-04,Night hour arrivals,1
2023-01-05,Regular arrivals,54
2023-01-05,Shoulder hour flights,4
2023-01-06,Regular arrivals,63
2023-01-06,Shoulder hour flights,8
2023-01-06,Night hour arrivals,2
2023-01-07,Regular arrivals,55
2023-01-07,Shoulder hour flights,5
2023-01-08,Regular arrivals,55
2023-01-08,Shoulder hour flights,2
2023-01-09,Regular arrivals,71
2023-01-09,Shoulder hour flights,4
2023-01-10,Regular arrivals,47
2023-01-10,Shoulder hour flights,3
2023-01-11,Regular arrivals,44
2023-01-11,Shoulder hour flights,2
2023-01-12,Regular arrivals,48
2023-01-12,Shoulder hour flights,2
2023-01-13,Regular arrivals,62
2023-01-13,Shoulder hour flights,7
2023-01-14,Regular arrivals,50
2023-01-14,Shoulder hour flights,4
2023-01-15,Regular arrivals,48
2023-01-15,Shoulder hour flights,3
2023-01-16,Regular arrivals,63
2023-01-16,Shoulder hour flights,3
2023-01-17,Regular arrivals,50
2023-01-17,Shoulder hour flights,2
2023-01-18,Regular arrivals,42
2023-01-18,Shoulder hour flights,2
2023-01-19,Regular arrivals,47
2023-01-19,Shoulder hour flights,2
2023-01-20,Regular arrivals,62
2023-01-20,Shoulder hour flights,6
2023-01-21,Regular arrivals,47
2023-01-21,Shoulder hour flights,5
2023-01-21,Night hour arrivals,1
2023-01-22,Regular arrivals,48
2023-01-22,Shoulder hour flights,2
2023-01-23,Regular arrivals,69
2023-01-23,Shoulder hour flights,3
2023-01-24,Regular arrivals,49
2023-01-24,Shoulder hour flights,2
2023-01-25,Regular arrivals,40
2023-01-25,Shoulder hour flights,2
2023-01-26,Regular arrivals,43
2023-01-26,Shoulder hour flights,2
2023-01-27,Regular arrivals,64
2023-01-27,Shoulder hour flights,7
2023-01-28,Regular arrivals,47
2023-01-28,Shoulder hour flights,4
2023-01-29,Regular arrivals,45
2023-01-29,Shoulder hour flights,2
2023-01-29,Night hour arrivals,1
2023-01-30,Regular arrivals,64
2023-01-30,Shoulder hour flights,4
2023-01-31,Regular arrivals,43
2023-01-31,Shoulder hour flights,2
2023-02-01,Regular arrivals,47
2023-02-01,Shoulder hour flights,2
2023-02-02,Regular arrivals,51
2023-02-02,Shoulder hour flights,2
2023-02-03,Regular arrivals,62
2023-02-03,Shoulder hour flights,7
2023-02-04,Regular arrivals,54
2023-02-04,Shoulder hour flights,5
2023-02-05,Regular arrivals,56
2023-02-05,Shoulder hour flights,2
2023-02-06,Regular arrivals,67
2023-02-06,Shoulder hour flights,4
2023-02-07,Regular arrivals,46
2023-02-07,Shoulder hour flights,3
2023-02-08,Regular arrivals,47
2023-02-08,Shoulder hour flights,1
2023-02-09,Regular arrivals,53
2023-02-09,Shoulder hour flights,3
2023-02-10,Regular arrivals,61
2023-02-10,Shoulder hour flights,7
2023-02-10,Night hour arrivals,1
2023-02-11,Regular arrivals,50
2023-02-11,Shoulder hour flights,6
2023-02-12,Regular arrivals,63
2023-02-12,Shoulder hour flights,3
2023-02-13,Regular arrivals,68
2023-02-13,Shoulder hour flights,4
2023-02-14,Regular arrivals,52
2023-02-14,Shoulder hour flights,3
2023-02-15,Regular arrivals,47
2023-02-15,Shoulder hour flights,4
2023-02-16,Regular arrivals,56
2023-02-16,Shoulder hour flights,2
2023-02-17,Regular arrivals,60
2023-02-17,Shoulder hour flights,7
2023-02-17,Night hour arrivals,1
2023-02-18,Regular arrivals,55
2023-02-18,Shoulder hour flights,6
2023-02-19,Regular arrivals,64
2023-02-19,Shoulder hour flights,3
2023-02-20,Regular arrivals,72
2023-02-20,Shoulder hour flights,3
2023-02-20,Night hour arrivals,1
2023-02-21,Regular arrivals,50
2023-02-21,Shoulder hour flights,3
2023-02-22,Regular arrivals,45
2023-02-22,Shoulder hour flights,3
2023-02-23,Regular arrivals,58
2023-02-23,Shoulder hour flights,2
2023-02-24,Regular arrivals,63
2023-02-24,Shoulder hour flights,7
2023-02-25,Regular arrivals,53
2023-02-25,Shoulder hour flights,7
2023-02-26,Regular arrivals,64
2023-02-26,Shoulder hour flights,3
2023-02-27,Regular arrivals,66
2023-02-27,Shoulder hour flights,3
2023-02-28,Regular arrivals,52
2023-02-28,Shoulder hour flights,3
2023-03-01,Regular arrivals,58
2023-03-02,Regular arrivals,57
2023-03-02,Shoulder hour flights,4
2023-03-03,Regular arrivals,67
2023-03-03,Shoulder hour flights,7
2023-03-04,Regular arrivals,57
2023-03-04,Shoulder hour flights,5
2023-03-05,Regular arrivals,60
2023-03-05,Shoulder hour flights,3
2023-03-06,Regular arrivals,70
2023-03-06,Shoulder hour flights,4
2023-03-07,Regular arrivals,52
2023-03-07,Shoulder hour flights,3
2023-03-08,Regular arrivals,36
2023-03-08,Shoulder hour flights,1
2023-03-08,Night hour arrivals,1
2023-03-09,Regular arrivals,58
2023-03-09,Shoulder hour flights,1
2023-03-10,Regular arrivals,73
2023-03-10,Shoulder hour flights,2
2023-03-10,Night hour arrivals,1
2023-03-11,Regular arrivals,54
2023-03-11,Shoulder hour flights,5
2023-03-12,Regular arrivals,65
2023-03-12,Shoulder hour flights,3
2023-03-13,Regular arrivals,69
2023-03-13,Shoulder hour flights,4
2023-03-14,Regular arrivals,52
2023-03-14,Shoulder hour flights,2
2023-03-15,Regular arrivals,57
2023-03-15,Shoulder hour flights,2
2023-03-16,Regular arrivals,67
2023-03-16,Shoulder hour flights,3
2023-03-17,Regular arrivals,64
2023-03-17,Shoulder hour flights,6
2023-03-17,Night hour arrivals,1
2023-03-18,Regular arrivals,51
2023-03-18,Shoulder hour flights,7
2023-03-19,Regular arrivals,66
2023-03-19,Shoulder hour flights,3
2023-03-20,Regular arrivals,70
2023-03-20,Shoulder hour flights,5
2023-03-21,Regular arrivals,53
2023-03-21,Shoulder hour flights,3
2023-03-22,Regular arrivals,56
2023-03-22,Shoulder hour flights,1
2023-03-23,Regular arrivals,60
2023-03-23,Shoulder hour flights,3
2023-03-24,Regular arrivals,70
2023-03-24,Shoulder hour flights,7
2023-03-25,Regular arrivals,45
2023-03-25,Shoulder hour flights,7
2023-03-26,Regular arrivals,177
2023-03-26,Shoulder hour flights,11
2023-03-26,Night hour arrivals,4
2023-03-27,Regular arrivals,188
2023-03-27,Shoulder hour flights,13
2023-03-27,Night hour arrivals,2
2023-03-28,Regular arrivals,177
2023-03-28,Shoulder hour flights,17
2023-03-28,Night hour arrivals,4
2023-03-29,Regular arrivals,163
2023-03-29,Shoulder hour flights,19
2023-03-29,Night hour arrivals,3
2023-03-30,Regular arrivals,198
2023-03-30,Shoulder hour flights,20
2023-03-30,Night hour arrivals,5
2023-03-31,Regular arrivals,195
2023-03-31,Shoulder hour flights,14
2023-03-31,Night hour arrivals,10
2023-04-01,Regular arrivals,158
2023-04-01,Shoulder hour flights,15
2023-04-01,Night hour arrivals,6
2023-04-02,Regular arrivals,184
2023-04-02,Shoulder hour flights,18
2023-04-02,Night hour arrivals,7
2023-04-03,Regular arrivals,196
2023-04-03,Shoulder hour flights,14
2023-04-03,Night hour arrivals,4
2023-04-04,Regular arrivals,180
2023-04-04,Shoulder hour flights,16
2023-04-04,Night hour arrivals,4
2023-04-05,Regular arrivals,188
2023-04-05,Shoulder hour flights,14
2023-04-05,Night hour arrivals,4
2023-04-06,Regular arrivals,206
2023-04-06,Shoulder hour flights,16
2023-04-06,Night hour arrivals,9
2023-04-07,Regular arrivals,199
2023-04-07,Shoulder hour flights,22
2023-04-07,Night hour arrivals,7
2023-04-08,Regular arrivals,168
2023-04-08,Shoulder hour flights,22
2023-04-08,Night hour arrivals,4
2023-04-09,Regular arrivals,190
2023-04-09,Shoulder hour flights,16
2023-04-09,Night hour arrivals,2
2023-04-10,Regular arrivals,201
2023-04-10,Shoulder hour flights,12
2023-04-10,Night hour arrivals,4
2023-04-11,Regular arrivals,185
2023-04-11,Shoulder hour flights,19
2023-04-11,Night hour arrivals,3
2023-04-12,Regular arrivals,180
2023-04-12,Shoulder hour flights,14
2023-04-12,Night hour arrivals,10
2023-04-13,Regular arrivals,196
2023-04-13,Shoulder hour flights,18
2023-04-13,Night hour arrivals,9
2023-04-14,Regular arrivals,209
2023-04-14,Shoulder hour flights,17
2023-04-14,Night hour arrivals,10
2023-04-15,Regular arrivals,163
2023-04-15,Shoulder hour flights,24
2023-04-15,Night hour arrivals,5
2023-04-16,Regular arrivals,190
2023-04-16,Shoulder hour flights,17
2023-04-16,Night hour arrivals,2
2023-04-17,Regular arrivals,210
2023-04-17,Shoulder hour flights,12
2023-04-18,Regular arrivals,180
2023-04-18,Shoulder hour flights,18
2023-04-18,Night hour arrivals,3
2023-04-19,Regular arrivals,193
2023-04-19,Shoulder hour flights,10
2023-04-19,Night hour arrivals,5
2023-04-20,Regular arrivals,211
2023-04-20,Shoulder hour flights,16
2023-04-20,Night hour arrivals,3
2023-04-21,Regular arrivals,208
2023-04-21,Shoulder hour flights,13
2023-04-21,Night hour arrivals,12
2023-04-22,Regular arrivals,164
2023-04-22,Shoulder hour flights,18
2023-04-22,Night hour arrivals,5
2023-04-23,Regular arrivals,180
2023-04-23,Shoulder hour flights,24
2023-04-23,Night hour arrivals,3
2023-04-24,Regular arrivals,205
2023-04-24,Shoulder hour flights,14
2023-04-24,Night hour arrivals,2
2023-04-25,Regular arrivals,184
2023-04-25,Shoulder hour flights,15
2023-04-25,Night hour arrivals,4
2023-04-26,Regular arrivals,180
2023-04-26,Shoulder hour flights,9
2023-04-26,Night hour arrivals,4
2023-04-27,Regular arrivals,216
2023-04-27,Shoulder hour flights,16
2023-04-27,Night hour arrivals,3
2023-04-28,Regular arrivals,210
2023-04-28,Shoulder hour flights,17
2023-04-28,Night hour arrivals,8
2023-04-29,Regular arrivals,163
2023-04-29,Shoulder hour flights,23
2023-04-29,Night hour arrivals,4
2023-04-30,Regular arrivals,194
2023-04-30,Shoulder hour flights,22
2023-04-30,Night hour arrivals,3
2023-05-01,Regular arrivals,197
2023-05-01,Shoulder hour flights,20
2023-05-01,Night hour arrivals,6
2023-05-02,Regular arrivals,203
2023-05-02,Shoulder hour flights,22
2023-05-02,Night hour arrivals,8
2023-05-03,Regular arrivals,220
2023-05-03,Shoulder hour flights,17
2023-05-03,Night hour arrivals,6
2023-05-04,Regular arrivals,233
2023-05-04,Shoulder hour flights,21
2023-05-04,Night hour arrivals,5
2023-05-05,Regular arrivals,230
2023-05-05,Shoulder hour flights,18
2023-05-05,Night hour arrivals,7
2023-05-06,Regular arrivals,185
2023-05-06,Shoulder hour flights,28
2023-05-06,Night hour arrivals,6
2023-05-07,Regular arrivals,208
2023-05-07,Shoulder hour flights,26
2023-05-07,Night hour arrivals,3
2023-05-08,Regular arrivals,225
2023-05-08,Shoulder hour flights,17
2023-05-08,Night hour arrivals,3
2023-05-09,Regular arrivals,221
2023-05-09,Shoulder hour flights,21
2023-05-09,Night hour arrivals,7
2023-05-10,Regular arrivals,226
2023-05-10,Shoulder hour flights,19
2023-05-10,Night hour arrivals,8
2023-05-11,Regular arrivals,235
2023-05-11,Shoulder hour flights,22
2023-05-11,Night hour arrivals,10
2023-05-12,Regular arrivals,225
2023-05-12,Shoulder hour flights,18
2023-05-12,Night hour arrivals,10
2023-05-13,Regular arrivals,202
2023-05-13,Shoulder hour flights,23
2023-05-13,Night hour arrivals,8
2023-05-14,Regular arrivals,215
2023-05-14,Shoulder hour flights,27
2023-05-14,Night hour arrivals,3
2023-05-15,Regular arrivals,221
2023-05-15,Shoulder hour flights,20
2023-05-15,Night hour arrivals,4
2023-05-16,Regular arrivals,216
2023-05-16,Shoulder hour flights,23
2023-05-16,Night hour arrivals,11
2023-05-17,Regular arrivals,223
2023-05-17,Shoulder hour flights,22
2023-05-17,Night hour arrivals,11
2023-05-18,Regular arrivals,233
2023-05-18,Shoulder hour flights,22
2023-05-18,Night hour arrivals,8
2023-05-19,Regular arrivals,237
2023-05-19,Shoulder hour flights,14
2023-05-19,Night hour arrivals,11
2023-05-20,Regular arrivals,195
2023-05-20,Shoulder hour flights,28
2023-05-20,Night hour arrivals,6
2023-05-21,Regular arrivals,210
2023-05-21,Shoulder hour flights,26
2023-05-21,Night hour arrivals,6
2023-05-22,Regular arrivals,223
2023-05-22,Shoulder hour flights,21
2023-05-22,Night hour arrivals,5
2023-05-23,Regular arrivals,225
2023-05-23,Shoulder hour flights,19
2023-05-23,Night hour arrivals,5
2023-05-24,Regular arrivals,226
2023-05-24,Shoulder hour flights,19
2023-05-24,Night hour arrivals,9
2023-05-25,Regular arrivals,241
2023-05-25,Shoulder hour flights,25
2023-05-25,Night hour arrivals,7
2023-05-26,Regular arrivals,233
2023-05-26,Shoulder hour flights,21
2023-05-26,Night hour arrivals,15
2023-05-27,Regular arrivals,205
2023-05-27,Shoulder hour flights,25
2023-05-27,Night hour arrivals,12
2023-05-28,Regular arrivals,217
2023-05-28,Shoulder hour flights,22
2023-05-28,Night hour arrivals,9
2023-05-29,Regular arrivals,223
2023-05-29,Shoulder hour flights,19
2023-05-29,Night hour arrivals,8
2023-05-30,Regular arrivals,223
2023-05-30,Shoulder hour flights,25
2023-05-30,Night hour arrivals,12
2023-05-31,Regular arrivals,226
2023-05-31,Shoulder hour flights,18
2023-05-31,Night hour arrivals,16
2023-06-01,Regular arrivals,230
2023-06-01,Shoulder hour flights,24
2023-06-01,Night hour arrivals,9
2023-06-02,Regular arrivals,241
2023-06-02,Night hour arrivals,15
2023-06-02,Shoulder hour flights,15
2023-06-03,Regular arrivals,197
2023-06-03,Shoulder hour flights,30
2023-06-03,Night hour arrivals,12
2023-06-04,Regular arrivals,222
2023-06-04,Shoulder hour flights,22
2023-06-04,Night hour arrivals,10
2023-06-05,Regular arrivals,240
2023-06-05,Shoulder hour flights,19
2023-06-05,Night hour arrivals,7
2023-06-06,Regular arrivals,217
2023-06-06,Shoulder hour flights,24
2023-06-06,Night hour arrivals,18
2023-06-07,Regular arrivals,233
2023-06-07,Shoulder hour flights,30
2023-06-07,Night hour arrivals,8
2023-06-08,Regular arrivals,244
2023-06-08,Shoulder hour flights,23
2023-06-08,Night hour arrivals,9
2023-06-09,Regular arrivals,240
2023-06-09,Shoulder hour flights,22
2023-06-09,Night hour arrivals,18
2023-06-10,Regular arrivals,211
2023-06-10,Shoulder hour flights,24
2023-06-10,Night hour arrivals,12
2023-06-11,Regular arrivals,224
2023-06-11,Shoulder hour flights,17
2023-06-11,Night hour arrivals,14
2023-06-12,Regular arrivals,202
2023-06-12,Shoulder hour flights,29
2023-06-12,Night hour arrivals,13
2023-06-13,Regular arrivals,236
2023-06-13,Shoulder hour flights,16
2023-06-13,Night hour arrivals,16
2023-06-14,Regular arrivals,230
2023-06-14,Shoulder hour flights,24
2023-06-14,Night hour arrivals,15
2023-06-15,Regular arrivals,218
2023-06-15,Shoulder hour flights,24
2023-06-15,Night hour arrivals,6
2023-06-16,Regular arrivals,241
2023-06-16,Shoulder hour flights,23
2023-06-16,Night hour arrivals,11
2023-06-17,Regular arrivals,197
2023-06-17,Shoulder hour flights,26
2023-06-17,Night hour arrivals,14
2023-06-18,Regular arrivals,200
2023-06-18,Shoulder hour flights,22
2023-06-18,Night hour arrivals,9
2023-06-19,Regular arrivals,233
2023-06-19,Shoulder hour flights,25
2023-06-19,Night hour arrivals,9
2023-06-20,Regular arrivals,225
2023-06-20,Shoulder hour flights,24
2023-06-20,Night hour arrivals,12
2023-06-21,Regular arrivals,242
2023-06-21,Shoulder hour flights,18
2023-06-21,Night hour arrivals,12
2023-06-22,Regular arrivals,237
2023-06-22,Shoulder hour flights,25
2023-06-22,Night hour arrivals,14
2023-06-23,Regular arrivals,248
2023-06-23,Shoulder hour flights,20
2023-06-23,Night hour arrivals,12
2023-06-24,Regular arrivals,205
2023-06-24,Shoulder hour flights,26
2023-06-24,Night hour arrivals,10
2023-06-25,Regular arrivals,225
2023-06-25,Shoulder hour flights,29
2023-06-25,Night hour arrivals,9
2023-06-26,Regular arrivals,226
2023-06-26,Shoulder hour flights,22
2023-06-26,Night hour arrivals,7
2023-06-27,Regular arrivals,226
2023-06-27,Shoulder hour flights,27
2023-06-27,Night hour arrivals,12
2023-06-28,Regular arrivals,233
2023-06-28,Shoulder hour flights,21
2023-06-28,Night hour arrivals,11
2023-06-29,Regular arrivals,237
2023-06-29,Shoulder hour flights,26
2023-06-29,Night hour arrivals,9
2023-06-30,Regular arrivals,244
2023-06-30,Shoulder hour flights,19
2023-06-30,Night hour arrivals,17
2023-07-01,Regular arrivals,212
2023-07-01,Shoulder hour flights,22
2023-07-01,Night hour arrivals,14
2023-07-02,Regular arrivals,224
2023-07-02,Shoulder hour flights,26
2023-07-02,Night hour arrivals,7
2023-07-03,Regular arrivals,229
2023-07-03,Shoulder hour flights,19
2023-07-03,Night hour arrivals,7
2023-07-04,Regular arrivals,226
2023-07-04,Shoulder hour flights,22
2023-07-04,Night hour arrivals,13
2023-07-05,Regular arrivals,224
2023-07-05,Shoulder hour flights,25
2023-07-05,Night hour arrivals,13
2023-07-06,Regular arrivals,232
2023-07-06,Shoulder hour flights,26
2023-07-06,Night hour arrivals,13
2023-07-07,Regular arrivals,241
2023-07-07,Shoulder hour flights,25
2023-07-07,Night hour arrivals,16
2023-07-08,Regular arrivals,205
2023-07-08,Shoulder hour flights,28
2023-07-08,Night hour arrivals,13
2023-07-09,Regular arrivals,219
2023-07-09,Shoulder hour flights,35
2023-07-09,Night hour arrivals,10
2023-07-10,Regular arrivals,233
2023-07-10,Shoulder hour flights,19
2023-07-10,Night hour arrivals,6
2023-07-11,Regular arrivals,214
2023-07-11,Shoulder hour flights,28
2023-07-11,Night hour arrivals,16
2023-07-12,Regular arrivals,222
2023-07-12,Shoulder hour flights,27
2023-07-12,Night hour arrivals,11
2023-07-13,Regular arrivals,231
2023-07-13,Shoulder hour flights,26
2023-07-13,Night hour arrivals,16
2023-07-14,Regular arrivals,241
2023-07-14,Shoulder hour flights,25
2023-07-14,Night hour arrivals,16
2023-07-15,Regular arrivals,199
2023-07-15,Shoulder hour flights,24
2023-07-15,Night hour arrivals,15
2023-07-16,Regular arrivals,227
2023-07-16,Shoulder hour flights,25
2023-07-16,Night hour arrivals,9
2023-07-17,Regular arrivals,232
2023-07-17,Shoulder hour flights,22
2023-07-17,Night hour arrivals,10
2023-07-18,Regular arrivals,222
2023-07-18,Shoulder hour flights,26
2023-07-18,Night hour arrivals,16
2023-07-19,Regular arrivals,240
2023-07-19,Shoulder hour flights,23
2023-07-19,Night hour arrivals,9
2023-07-20,Regular arrivals,258
2023-07-20,Shoulder hour flights,20
2023-07-20,Night hour arrivals,12
2023-07-21,Regular arrivals,257
2023-07-21,Shoulder hour flights,20
2023-07-21,Night hour arrivals,8
2023-07-22,Regular arrivals,217
2023-07-22,Shoulder hour flights,22
2023-07-22,Night hour arrivals,11
2023-07-23,Regular arrivals,237
2023-07-23,Shoulder hour flights,22
2023-07-23,Night hour arrivals,10
2023-07-24,Regular arrivals,235
2023-07-24,Shoulder hour flights,21
2023-07-24,Night hour arrivals,7
2023-07-25,Regular arrivals,223
2023-07-25,Shoulder hour flights,25
2023-07-25,Night hour arrivals,14
2023-07-26,Regular arrivals,239
2023-07-26,Shoulder hour flights,20
2023-07-26,Night hour arrivals,12
2023-07-27,Regular arrivals,253
2023-07-27,Shoulder hour flights,22
2023-07-27,Night hour arrivals,12
2023-07-28,Regular arrivals,247
2023-07-28,Shoulder hour flights,22
2023-07-28,Night hour arrivals,12
2023-07-29,Regular arrivals,225
2023-07-29,Shoulder hour flights,25
2023-07-29,Night hour arrivals,8
2023-07-30,Regular arrivals,234
2023-07-30,Shoulder hour flights,28
2023-07-30,Night hour arrivals,7
2023-07-31,Regular arrivals,238
2023-07-31,Shoulder hour flights,21
2023-07-31,Night hour arrivals,9
2023-08-01,Regular arrivals,235
2023-08-01,Shoulder hour flights,20
2023-08-01,Night hour arrivals,14
2023-08-02,Regular arrivals,239
2023-08-02,Shoulder hour flights,23
2023-08-02,Night hour arrivals,12
2023-08-03,Regular arrivals,253
2023-08-03,Shoulder hour flights,28
2023-08-03,Night hour arrivals,10
2023-08-04,Regular arrivals,261
2023-08-04,Shoulder hour flights,22
2023-08-04,Night hour arrivals,13
2023-08-05,Regular arrivals,228
2023-08-05,Shoulder hour flights,24
2023-08-05,Night hour arrivals,10
2023-08-06,Regular arrivals,245
2023-08-06,Shoulder hour flights,25
2023-08-06,Night hour arrivals,8
2023-08-07,Regular arrivals,238
2023-08-07,Shoulder hour flights,24
2023-08-07,Night hour arrivals,7
2023-08-08,Regular arrivals,248
2023-08-08,Shoulder hour flights,21
2023-08-08,Night hour arrivals,13
2023-08-09,Regular arrivals,245
2023-08-09,Shoulder hour flights,26
2023-08-09,Night hour arrivals,9
2023-08-10,Regular arrivals,257
2023-08-10,Shoulder hour flights,24
2023-08-10,Night hour arrivals,10
2023-08-11,Regular arrivals,262
2023-08-11,Shoulder hour flights,18
2023-08-11,Night hour arrivals,14
2023-08-12,Regular arrivals,214
2023-08-12,Shoulder hour flights,30
2023-08-12,Night hour arrivals,10
2023-08-13,Regular arrivals,234
2023-08-13,Shoulder hour flights,28
2023-08-13,Night hour arrivals,6
2023-08-14,Regular arrivals,243
2023-08-14,Shoulder hour flights,21
2023-08-14,Night hour arrivals,9
2023-08-15,Regular arrivals,235
2023-08-15,Shoulder hour flights,22
2023-08-15,Night hour arrivals,16
2023-08-16,Regular arrivals,238
2023-08-16,Shoulder hour flights,21
2023-08-16,Night hour arrivals,14
2023-08-17,Regular arrivals,249
2023-08-17,Shoulder hour flights,30
2023-08-17,Night hour arrivals,10
2023-08-18,Regular arrivals,253
2023-08-18,Night hour arrivals,20
2023-08-18,Shoulder hour flights,18
2023-08-19,Regular arrivals,216
2023-08-19,Shoulder hour flights,24
2023-08-19,Night hour arrivals,9
2023-08-20,Regular arrivals,237
2023-08-20,Shoulder hour flights,29
2023-08-20,Night hour arrivals,9
2023-08-21,Regular arrivals,233
2023-08-21,Shoulder hour flights,27
2023-08-21,Night hour arrivals,5
2023-08-22,Regular arrivals,234
2023-08-22,Shoulder hour flights,22
2023-08-22,Night hour arrivals,14
2023-08-23,Regular arrivals,244
2023-08-23,Shoulder hour flights,26
2023-08-23,Night hour arrivals,8
2023-08-24,Regular arrivals,236
2023-08-24,Shoulder hour flights,23
2023-08-24,Night hour arrivals,20
2023-08-25,Regular arrivals,253
2023-08-25,Shoulder hour flights,28
2023-08-25,Night hour arrivals,12
2023-08-26,Regular arrivals,212
2023-08-26,Shoulder hour flights,27
2023-08-26,Night hour arrivals,10
2023-08-27,Regular arrivals,230
2023-08-27,Shoulder hour flights,22
2023-08-27,Night hour arrivals,10
2023-08-28,Regular arrivals,152
2023-08-28,Shoulder hour flights,18
2023-08-28,Night hour arrivals,8
2023-08-29,Regular arrivals,217
2023-08-29,Night hour arrivals,21
2023-08-29,Shoulder hour flights,20
2023-08-30,Regular arrivals,241
2023-08-30,Shoulder hour flights,30
2023-08-30,Night hour arrivals,11
2023-08-31,Regular arrivals,249
2023-08-31,Shoulder hour flights,31
2023-08-31,Night hour arrivals,6
2023-09-01,Regular arrivals,260
2023-09-01,Shoulder hour flights,17
2023-09-01,Night hour arrivals,17
2023-09-02,Regular arrivals,217
2023-09-02,Shoulder hour flights,27
2023-09-02,Night hour arrivals,11
2023-09-03,Regular arrivals,239
2023-09-03,Shoulder hour flights,27
2023-09-03,Night hour arrivals,8
2023-09-04,Regular arrivals,251
2023-09-04,Shoulder hour flights,20
2023-09-04,Night hour arrivals,6
2023-09-05,Regular arrivals,237
2023-09-05,Shoulder hour flights,19
2023-09-05,Night hour arrivals,14
2023-09-06,Regular arrivals,249
2023-09-06,Shoulder hour flights,24
2023-09-06,Night hour arrivals,8
2023-09-07,Regular arrivals,257
2023-09-07,Shoulder hour flights,30
2023-09-07,Night hour arrivals,9
2023-09-08,Regular arrivals,270
2023-09-08,Shoulder hour flights,26
2023-09-08,Night hour arrivals,9
2023-09-09,Regular arrivals,217
2023-09-09,Shoulder hour flights,26
2023-09-09,Night hour arrivals,11
2023-09-10,Regular arrivals,227
2023-09-10,Shoulder hour flights,25
2023-09-10,Night hour arrivals,10
2023-09-11,Regular arrivals,248
2023-09-11,Shoulder hour flights,22
2023-09-11,Night hour arrivals,3
2023-09-12,Regular arrivals,236
2023-09-12,Shoulder hour flights,26
2023-09-12,Night hour arrivals,11
2023-09-13,Regular arrivals,254
2023-09-13,Shoulder hour flights,24
2023-09-13,Night hour arrivals,9
2023-09-14,Regular arrivals,254
2023-09-14,Shoulder hour flights,27
2023-09-14,Night hour arrivals,12
2023-09-15,Regular arrivals,268
2023-09-15,Shoulder hour flights,25
2023-09-15,Night hour arrivals,11
2023-09-16,Regular arrivals,219
2023-09-16,Shoulder hour flights,29
2023-09-16,Night hour arrivals,10
2023-09-17,Regular arrivals,217
2023-09-17,Shoulder hour flights,29
2023-09-17,Night hour arrivals,15
2023-09-18,Regular arrivals,246
2023-09-18,Shoulder hour flights,20
2023-09-18,Night hour arrivals,9
2023-09-19,Regular arrivals,241
2023-09-19,Shoulder hour flights,23
2023-09-19,Night hour arrivals,12
2023-09-20,Regular arrivals,245
2023-09-20,Shoulder hour flights,24
2023-09-20,Night hour arrivals,10
2023-09-21,Regular arrivals,256
2023-09-21,Shoulder hour flights,28
2023-09-21,Night hour arrivals,7
2023-09-22,Regular arrivals,261
2023-09-22,Shoulder hour flights,23
2023-09-22,Night hour arrivals,11
2023-09-23,Regular arrivals,212
2023-09-23,Shoulder hour flights,25
2023-09-23,Night hour arrivals,11
2023-09-24,Regular arrivals,234
2023-09-24,Shoulder hour flights,29
2023-09-24,Night hour arrivals,8
2023-09-25,Regular arrivals,248
2023-09-25,Shoulder hour flights,24
2023-09-25,Night hour arrivals,2
2023-09-26,Regular arrivals,237
2023-09-26,Shoulder hour flights,24
2023-09-26,Night hour arrivals,13
2023-09-27,Regular arrivals,250
2023-09-27,Shoulder hour flights,23
2023-09-27,Night hour arrivals,11
2023-09-28,Regular arrivals,249
2023-09-28,Shoulder hour flights,24
2023-09-28,Night hour arrivals,13
2023-09-29,Regular arrivals,261
2023-09-29,Shoulder hour flights,25
2023-09-29,Night hour arrivals,8
2023-09-30,Regular arrivals,217
2023-09-30,Shoulder hour flights,28
2023-09-30,Night hour arrivals,6
2023-10-01,Regular arrivals,234
2023-10-01,Shoulder hour flights,25
2023-10-01,Night hour arrivals,5
2023-10-02,Regular arrivals,243
2023-10-02,Shoulder hour flights,19
2023-10-02,Night hour arrivals,6
2023-10-03,Regular arrivals,229
2023-10-03,Shoulder hour flights,21
2023-10-03,Night hour arrivals,13
2023-10-04,Regular arrivals,240
2023-10-04,Shoulder hour flights,17
2023-10-04,Night hour arrivals,7
2023-10-05,Regular arrivals,242
2023-10-05,Shoulder hour flights,23
2023-10-05,Night hour arrivals,9
2023-10-06,Regular arrivals,256
2023-10-06,Shoulder hour flights,13
2023-10-06,Night hour arrivals,10
2023-10-07,Regular arrivals,203
2023-10-07,Shoulder hour flights,21
2023-10-07,Night hour arrivals,8
2023-10-08,Regular arrivals,231
2023-10-08,Shoulder hour flights,22
2023-10-08,Night hour arrivals,6
2023-10-09,Regular arrivals,246
2023-10-09,Shoulder hour flights,16
2023-10-09,Night hour arrivals,6
2023-10-10,Regular arrivals,229
2023-10-10,Shoulder hour flights,25
2023-10-10,Night hour arrivals,6
2023-10-11,Regular arrivals,241
2023-10-11,Shoulder hour flights,21
2023-10-11,Night hour arrivals,8
2023-10-12,Regular arrivals,241
2023-10-12,Shoulder hour flights,23
2023-10-12,Night hour arrivals,9
2023-10-13,Regular arrivals,229
2023-10-13,Night hour arrivals,15
2023-10-13,Shoulder hour flights,11
2023-10-14,Regular arrivals,198
2023-10-14,Shoulder hour flights,23
2023-10-14,Night hour arrivals,10
2023-10-15,Regular arrivals,227
2023-10-15,Shoulder hour flights,20
2023-10-15,Night hour arrivals,7
2023-10-16,Regular arrivals,237
2023-10-16,Shoulder hour flights,21
2023-10-16,Night hour arrivals,3
2023-10-17,Regular arrivals,225
2023-10-17,Shoulder hour flights,26
2023-10-17,Night hour arrivals,6
2023-10-18,Regular arrivals,228
2023-10-18,Shoulder hour flights,23
2023-10-18,Night hour arrivals,12
2023-10-19,Regular arrivals,230
2023-10-19,Shoulder hour flights,24
2023-10-19,Night hour arrivals,10
2023-10-20,Regular arrivals,240
2023-10-20,Shoulder hour flights,18
2023-10-20,Night hour arrivals,13
2023-10-21,Regular arrivals,191
2023-10-21,Shoulder hour flights,33
2023-10-21,Night hour arrivals,6
2023-10-22,Regular arrivals,225
2023-10-22,Shoulder hour flights,25
2023-10-22,Night hour arrivals,3
2023-10-23,Regular arrivals,236
2023-10-23,Shoulder hour flights,16
2023-10-23,Night hour arrivals,6
2023-10-24,Regular arrivals,221
2023-10-24,Shoulder hour flights,27
2023-10-24,Night hour arrivals,8
2023-10-25,Regular arrivals,224
2023-10-25,Shoulder hour flights,24
2023-10-25,Night hour arrivals,8
2023-10-26,Regular arrivals,229
2023-10-26,Shoulder hour flights,20
2023-10-26,Night hour arrivals,8
2023-10-27,Regular arrivals,249
2023-10-27,Night hour arrivals,15
2023-10-27,Shoulder hour flights,11
2023-10-28,Regular arrivals,188
2023-10-28,Shoulder hour flights,18
2023-10-28,Night hour arrivals,14
2023-10-29,Regular arrivals,217
2023-10-29,Shoulder hour flights,20
2023-10-29,Night hour arrivals,1
2023-10-30,Regular arrivals,257
2023-10-30,Shoulder hour flights,18
2023-10-30,Night hour arrivals,5
2023-10-31,Regular arrivals,198
2023-10-31,Shoulder hour flights,14
2023-10-31,Night hour arrivals,1
2023-11-01,Regular arrivals,175
2023-11-01,Shoulder hour flights,10
2023-11-01,Night hour arrivals,4
2023-11-02,Regular arrivals,191
2023-11-02,Shoulder hour flights,8
2023-11-02,Night hour arrivals,1
2023-11-03,Regular arrivals,212
2023-11-03,Shoulder hour flights,18
2023-11-03,Night hour arrivals,3
2023-11-04,Regular arrivals,166
2023-11-04,Shoulder hour flights,19
2023-11-04,Night hour arrivals,2
2023-11-05,Regular arrivals,199
2023-11-05,Shoulder hour flights,13
2023-11-05,Night hour arrivals,2
2023-11-06,Regular arrivals,213
2023-11-06,Shoulder hour flights,14
2023-11-06,Night hour arrivals,4
2023-11-07,Regular arrivals,139
2023-11-08,Regular arrivals,137
2023-11-08,Shoulder hour flights,6
2023-11-09,Regular arrivals,161
2023-11-09,Shoulder hour flights,5
2023-11-09,Night hour arrivals,1
2023-11-10,Regular arrivals,189
2023-11-10,Shoulder hour flights,12
2023-11-10,Night hour arrivals,4
2023-11-11,Regular arrivals,124
2023-11-11,Shoulder hour flights,17
2023-11-12,Regular arrivals,162
2023-11-12,Shoulder hour flights,7
2023-11-12,Night hour arrivals,2
2023-11-13,Regular arrivals,192
2023-11-13,Shoulder hour flights,16
2023-11-14,Regular arrivals,114
2023-11-14,Shoulder hour flights,7
2023-11-15,Regular arrivals,112
2023-11-15,Shoulder hour flights,6
2023-11-15,Night hour arrivals,2
2023-11-16,Regular arrivals,153
2023-11-16,Shoulder hour flights,6
2023-11-16,Night hour arrivals,1
2023-11-17,Regular arrivals,185
2023-11-17,Shoulder hour flights,16
2023-11-17,Night hour arrivals,1
2023-11-18,Regular arrivals,121
2023-11-18,Shoulder hour flights,16
2023-11-19,Regular arrivals,154
2023-11-19,Shoulder hour flights,10
2023-11-19,Night hour arrivals,4
2023-11-20,Regular arrivals,196
2023-11-20,Shoulder hour flights,10
2023-11-20,Night hour arrivals,3
2023-11-21,Regular arrivals,108
2023-11-21,Shoulder hour flights,11
2023-11-22,Regular arrivals,116
2023-11-22,Shoulder hour flights,4
2023-11-23,Regular arrivals,148
2023-11-23,Shoulder hour flights,8
2023-11-23,Night hour arrivals,1
2023-11-24,Regular arrivals,180
2023-11-24,Shoulder hour flights,19
2023-11-25,Regular arrivals,118
2023-11-25,Shoulder hour flights,18
2023-11-26,Regular arrivals,156
2023-11-26,Shoulder hour flights,9
2023-11-27,Regular arrivals,202
2023-11-27,Shoulder hour flights,11
2023-11-27,Night hour arrivals,2
2023-11-28,Regular arrivals,119
2023-11-28,Shoulder hour flights,8
2023-11-29,Regular arrivals,112
2023-11-29,Shoulder hour flights,7
2023-11-29,Night hour arrivals,2
2023-11-30,Regular arrivals,151
2023-11-30,Shoulder hour flights,6
2023-11-30,Night hour arrivals,6
2023-12-01,Regular arrivals,185
2023-12-01,Shoulder hour flights,23
2023-12-01,Night hour arrivals,4
2023-12-02,Regular arrivals,122
2023-12-02,Shoulder hour flights,11
2023-12-03,Regular arrivals,170
2023-12-03,Shoulder hour flights,6
2023-12-03,Night hour arrivals,5
2023-12-04,Regular arrivals,204
2023-12-04,Shoulder hour flights,11
2023-12-04,Night hour arrivals,2
2023-12-05,Regular arrivals,136
2023-12-05,Shoulder hour flights,7
2023-12-06,Regular arrivals,130
2023-12-06,Shoulder hour flights,9
2023-12-06,Night hour arrivals,2
2023-12-07,Regular arrivals,161
2023-12-07,Shoulder hour flights,7
2023-12-08,Regular arrivals,193
2023-12-08,Shoulder hour flights,20
2023-12-08,Night hour arrivals,1
2023-12-09,Regular arrivals,143
2023-12-09,Shoulder hour flights,14
2023-12-09,Night hour arrivals,1
2023-12-10,Regular arrivals,184
2023-12-10,Shoulder hour flights,10
2023-12-11,Regular arrivals,208
2023-12-11,Shoulder hour flights,13
2023-12-11,Night hour arrivals,2
2023-12-12,Regular arrivals,145
2023-12-12,Shoulder hour flights,9
2023-12-13,Regular arrivals,140
2023-12-13,Shoulder hour flights,6
2023-12-13,Night hour arrivals,2
2023-12-14,Regular arrivals,174
2023-12-14,Shoulder hour flights,9
2023-12-15,Regular arrivals,195
2023-12-15,Shoulder hour flights,17
2023-12-16,Regular arrivals,71
2023-12-16,Shoulder hour flights,8
2023-12-17,Regular arrivals,39
2023-12-17,Night hour arrivals,1
2023-12-17,Shoulder hour flights,1
2023-12-18,Regular arrivals,32
2023-12-18,Night hour arrivals,1
2023-12-18,Shoulder hour flights,1
2023-12-19,Regular arrivals,19
